8.7978575404200007881,-3.5412983768799999318,1.5377287354599999958,2.9922253465143260343
8.7978575404200007881,-3.5412983768799999318,1.5377287354599999958,2.9926117333402051379
8.9329309268399992305,-4.1412983768800000206,1.3535113081700000937,2.9941679472989544131
8.9329309268399992305,-4.1412983768800000206,1.3535113081700000937,2.9946734738558937750
8.9718241051300005040,-4.6592272565800003647,1.3535353777500001016,2.9893256501679088544
8.9718241051300005040,-4.6592272565800003647,1.3535353777500001016,2.9725203587649748904
8.9879177591899992450,-5.0010284521299999128,1.4071266623000000529,2.9504372317550253690
8.9879177591899992450,-5.0010284521299999128,1.4071266623000000529,2.9206280240343334142
9.0166820709700008507,-5.1762834156000003816,1.4914939814299998933,2.8889869759480868439
9.0166820709700008507,-5.1762834156000003816,1.4914939814299998933,2.8482983087232502939
9.0563354228499992615,-5.2368818758199999763,1.5834452732499999517,2.7968396691333610171
9.0563354228499992615,-5.2368818758199999763,1.5834452732499999517,2.7353188793781653132
9.1326256237700000895,-5.2090287830499999444,1.7779888632700000528,2.6693098720709445004
9.1326256237700000895,-5.2090287830499999444,1.7779888632700000528,2.6056038849300460214
9.1554956100399991215,-5.1808516657499996683,1.8747294634000000180,2.5493548569492441302
9.1554956100399991215,-5.1808516657499996683,1.8747294634000000180,2.5038255979045529465
9.1555139959500007052,-5.1808493185999999753,1.8803577423199999696,2.4697134311039636856
9.1555139959500007052,-5.1808493185999999753,1.8803577423199999696,2.4456415092229555341
9.1651285195700005204,-5.1601673112500003882,1.9832955328299999298,2.4320669247430091175
9.1651285195700005204,-5.1601673112500003882,1.9832955328299999298,2.4232897132235766691
9.1629496774499994416,-5.1489612149299999189,2.0882274324800000898,2.4224196221565001963
9.1629496774499994416,-5.1489612149299999189,2.0882274324800000898,2.4262635338990632405
9.1521514456999994991,-5.1455044440600001820,2.1913444714299998850,2.4315812017431448488
9.1521514456999994991,-5.1455044440600001820,2.1913444714299998850,2.4357424731489771830
9.1365220788600005619,-5.1469445540100000613,2.2948121652600002029,2.4374539817736669001
9.1365220788600005619,-5.1469445540100000613,2.2948121652600002029,2.4375043107778187057
9.1196878523200002320,-5.1506474735800003018,2.3957847603100002054,2.4366697850125809133
9.1196878523200002320,-5.1506474735800003018,2.3957847603100002054,2.4362531475084767685
9.1045795557099999940,-5.1547167635499997473,2.4972019138800001237,2.4359711552391170031
9.1045795557099999940,-5.1547167635499997473,2.4972019138800001237,2.4363520568713936676
9.0930915443300008860,-5.1580587294200004322,2.5966361519999998642,2.4364459916990028887
9.0930915443300008860,-5.1580587294200004322,2.5966361519999998642,2.4361206398993209277
9.0858653185300006783,-5.1602621877299998943,2.6971277368700001809,2.4590436879402739478
9.0858653185300006783,-5.1602621877299998943,2.6971277368700001809,2.4536537326474512355
9.0822493972200000201,-5.1614254725100003895,2.7961514596999998972,2.4453549254859039408
9.0822493972200000201,-5.1614254725100003895,2.7961514596999998972,2.4377145859679369977
9.0810037985700002849,-5.1618719423400003521,2.8965737923599998993,2.4319094129226126455
9.0810037985700002849,-5.1618719423400003521,2.8965737923599998993,2.4292470312980345426
9.0810042016000007692,-5.1619221227700000654,2.9957024657299999859,2.4293295182121035225
9.0810042016000007692,-5.1619221227700000654,2.9957024657299999859,2.4310845324763294961
9.0814796455399999786,-5.1618072632800000576,3.0962827003500001943,2.4332855898987779675
9.0814796455399999786,-5.1618072632800000576,3.0962827003500001943,2.4356340789579231654
9.0820056449899997375,-5.1616609864200002633,3.1955535003699999663,2.4371817886597404446
9.0820056449899997375,-5.1616609864200002633,3.1955535003699999663,2.4380171779526467191
9.0824064083499997935,-5.1615429350699999489,3.2962331169399998743,2.4378752558267695605
9.0824064083499997935,-5.1615429350699999489,3.2962331169399998743,2.4372801098979910428
9.0826493300699997491,-5.1614681070300001409,3.3955594012599998877,2.4365583835982080885
9.0826493300699997491,-5.1614681070300001409,3.3955594012599998877,2.4359348118960832963
9.0827652795699993504,-5.1614303525900000480,3.4962612414900000601,2.4355693905830420043
9.0827652795699993504,-5.1614303525900000480,3.4962612414900000601,2.4354387997733266680
9.0828009113799996754,-5.1614171284800001160,3.5955897588100000917,2.4354397083172263372
9.0828009113799996754,-5.1614171284800001160,3.5955897588100000917,2.4355471537608042176
9.0827960954099999924,-5.1614169036300001636,3.6962847596300001385,2.4356262160258173033
9.0827960954099999924,-5.1614169036300001636,3.6962847596300001385,2.4355932030160554191
9.0827771626999993515,-5.1614216937600003732,3.7956043348100001467,2.4355110271041828796
9.0827771626999993515,-5.1614216937600003732,3.7956043348100001467,2.4353242705257200917
9.0827580738200008881,-5.1614270782900000256,3.8962918103000001580,2.4351412039754651850
9.0827580738200008881,-5.1614270782900000256,3.8962918103000001580,2.4349892268644235394
9.0827442032400007577,-5.1614312063899996375,3.9956064169699998523,2.4348846429321922002
9.0827442032400007577,-5.1614312063899996375,3.9956064169699998523,2.4349387988477335654
9.0827361632700007732,-5.1614337160400003413,4.0962912667199997685,2.4352019304158356583
9.0827361632700007732,-5.1614337160400003413,4.0962912667199997685,2.4354246668997183711
9.0827325741700004613,-5.1614349154300001032,4.1956049186299999576,2.4355628251839189780
9.0827325741700004613,-5.1614349154300001032,4.1956049186299999576,2.4357323109993944676
9.0827316768999999397,-5.1614352844600004389,4.2962897573400002926,2.4358140424191407902
9.0827316768999999397,-5.1614352844600004389,4.2962897573400002926,2.4356890334511929197
9.0827320474899995162,-5.1614352427899996556,4.3956037630599995580,2.4354129640826109870
9.0827320474899995162,-5.1614352427899996556,4.3956037630599995580,2.4352188020449156980
9.0827327993099995496,-5.1614350568400002572,4.4962890533999999576,2.4351716793439428521
9.0827327993099995496,-5.1614350568400002572,4.4962890533999999576,2.4353426371218853674
9.0827334879800005751,-5.1614348683499997605,4.5956034505399996348,2.4354582011302432498
9.0827334879800005751,-5.1614348683499997605,4.5956034505399996348,2.4354720156417952737
9.0827339600899996697,-5.1614347340300001932,4.6962889768400000179,2.4356293126272485772
9.0827339600899996697,-5.1614347340300001932,4.6962889768400000179,2.4355979687987190374
9.0827342169000004901,-5.1614346588400001892,4.7956034923599997200,2.4356894977967229465
9.0827342169000004901,-5.1614346588400001892,4.7956034923599997200,2.4357661551866378602
9.0827343183400000015,-5.1614346273400002474,4.8962890850500002671,2.4358752471440952014
9.0827343183400000015,-5.1614346273400002474,4.8962890850500002671,2.4358034981734202340
9.0827343334399994745,-5.1614346198699996293,4.9956036142400002120,2.4356657046895024976
9.0827343334399994745,-5.1614346198699996293,4.9956036142400002120,2.4353889157159804846
9.0827343196899992250,-5.1614346174400003164,5.0962891731799997430,2.4352257297357104981
9.0827343196899992250,-5.1614346174400003164,5.0962891731799997430,2.4351062344619811562
9.0827342988499992771,-5.1614346174200003148,5.1956036754900001284,2.4350166163292161770
9.0827342988499992771,-5.1614346174200003148,5.1956036754900001284,2.4350840362829027086
9.0827342816699996320,-5.1614346176700003355,5.2962891823899997945,2.4352725027615398368
9.0827342816699996320,-5.1614346176700003355,5.2962891823899997945,2.4354608095805083678
9.0827342711599996505,-5.1614346181900003785,5.3956036019600004394,2.4355929834345024787
9.0827342711599996505,-5.1614346181900003785,5.3956036019600004394,2.4355570948192308833
9.0827342670500001987,-5.1614346190499995615,5.4962891008400003301,2.4356093454261618092
9.0827342670500001987,-5.1614346190499995615,5.4962891008400003301,2.4355562020045171678
9.0827342669500001904,-5.1614346244700000099,5.5956035816999998289,2.4356362488985108250
9.0827342669500001904,-5.1614346244700000099,5.5956035816999998289,2.4355403414286409536
9.0827342667999992898,-5.1614346248800000438,5.6962891011499996452,2.4354107244641971519
9.0827342667999992898,-5.1614346248800000438,5.6962891011499996452,2.4353753164291878086
9.0827342681399994007,-5.1614346250600000587,5.7956035745600003040,2.4354158486616372947
9.0827342681399994007,-5.1614346250600000587,5.7956035745600003040,2.4353619355006856928
9.0827342630600007567,-5.1614346299999995793,5.9956036310299998249,2.4353433582434038662
9.0827342630600007567,-5.1614346299999995793,5.9956036310299998249,2.4353760288060559702
9.0827342656500000828,-5.1614346327399998060,6.0904983995700003874,2.4354317828688789582
9.0827342656500000828,-5.1614346327399998060,6.0904983995700003874,2.4354991980989550981
9.0827342561800001874,-5.1614346277400002805,6.0962891722499996661,2.4354035806111626883
9.0827342561800001874,-5.1614346277400002805,6.0962891722499996661,2.4353966701167086839
9.0827342596899995897,-5.1614346297299995570,6.1956036660800002380,2.4353871561309574645
9.0827342596899995897,-5.1614346297299995570,6.1956036660800002380,2.4355214342842552711
9.0827342632200007699,-5.1614346277800002838,6.2962891762700001763,2.4355197709294267305
9.0827342632200007699,-5.1614346277800002838,6.2962891762700001763,2.4355234135956314034
9.0827342604800005432,-5.1614346302399995992,6.3956036018900004336,2.4354618498966713602
9.0827342604800005432,-5.1614346302399995992,6.3956036018900004336,2.4354062273399543770
9.0827342606899996724,-5.1614346271400002308,6.4962891026899995950,2.4354129843304033187
9.0827342606899996724,-5.1614346271400002308,6.4962891026899995950,2.4352991959844079162
9.0827342585299994937,-5.1614346296000004344,6.5956035843100000449,2.4353669762233640661
9.0827342585299994937,-5.1614346296000004344,6.5956035843100000449,2.4353915093268239112
9.0827342601000005118,-5.1614346274200002540,6.6962890992900003795,2.4353533255388852830
9.0827342601000005118,-5.1614346274200002540,6.6962890992900003795,2.4353302793905751145
9.0827342586200003893,-5.1614346300999995876,6.7956035702599999482,2.4353798829824953032
9.0827342586200003893,-5.1614346300999995876,6.7956035702599999482,2.4353210623088723530
9.0827342605000005449,-5.1614346281700003161,6.8962891321699997249,2.4353332251961421484
9.0827342605000005449,-5.1614346281700003161,6.8962891321699997249,2.4353870612556698383
9.0827342588299995185,-5.1614346294900004253,6.9956036411699997757,2.4354393113180039521
9.0827342588299995185,-5.1614346294900004253,6.9956036411699997757,2.4354150091336133066
9.0827342604699996542,-5.1614346270600002242,7.0962891792800002477,2.4353677331431446973
9.0827342604699996542,-5.1614346270600002242,7.0962891792800002477,2.4354078134418757351
9.0827342593299995599,-5.1614346293600004145,7.1956036686399995617,2.4354179673556437535
9.0827342593299995599,-5.1614346293600004145,7.1956036686399995617,2.4353092415932517945
9.0827342625499998263,-5.1614346278800002921,7.2962891744000000216,2.4352771127954651043
9.0827342625499998263,-5.1614346278800002921,7.2962891744000000216,2.4352645778731512038
9.0827342605400005482,-5.1614346302099995967,7.3956035942499998015,2.4352706594379771587
9.0827342605400005482,-5.1614346302099995967,7.3956035942499998015,2.4353653883596537710
9.0827342628899998545,-5.1614346282000003185,7.4962890976400000653,2.4353750449759616892
9.0827342628899998545,-5.1614346282000003185,7.4962890976400000653,2.4354769060319432228
9.0827342607099996741,-5.1614346288200003698,7.5956035919699997905,2.4354530210612268526
9.0827342607099996741,-5.1614346288200003698,7.5956035919699997905,2.4354198359671186402
9.0827342630099998644,-5.1614346253400000819,7.6962891020799997222,2.4354943588147013322
9.0827342630099998644,-5.1614346253400000819,7.6962891020799997222,2.4353829753393529955
9.0827342608800005763,-5.1614346287100003607,7.7956035442499995725,2.4353183780156451022
9.0827342608800005763,-5.1614346287100003607,7.7956035442499995725,2.4351973859876867579
9.0827342633499998925,-5.1614346264700001754,7.8962891361100000509,2.4352285603395538160
9.0827342633499998925,-5.1614346264700001754,7.8962891361100000509,2.4352837150405988176
9.0827342603400005316,-5.1614346294400004211,7.9956036848599998379,2.4354060345699211076
9.0827342603400005316,-5.1614346294400004211,7.9956036848599998379,2.4354278344766249198
9.0827342623200006955,-5.1614346280100003028,8.0962892843900000628,2.4355140499652354613
9.0827342623200006955,-5.1614346280100003028,8.0962892843900000628,2.4355353281594056547
9.0827342595499995781,-5.1614346310999996703,8.1956037954299993942,2.4354929333660977342
9.0827342595499995781,-5.1614346310999996703,8.1956037954299993942,2.4354042539472344764
9.0827342591600004340,-5.1614346298399995661,8.3956037171899993155,2.4352782151682843548
9.0827342591600004340,-5.1614346298399995661,8.3956037171899993155,2.4352590152690334335
9.0827342563499993133,-5.1614346312699996844,8.4904984432199999134,2.4353535780637654007
9.0827342563499993133,-5.1614346312699996844,8.4904984432199999134,2.4354069307075767448
9.0827342577400003165,-5.1614346290500003889,8.5956035262700005717,2.4352987341928549192
9.0827342577400003165,-5.1614346290500003889,8.5956035262700005717,2.4353386629481414971
9.0827342562299993034,-5.1614346304999996207,8.6904982459000006401,2.4353070011056940913
9.0827342562299993034,-5.1614346304999996207,8.6904982459000006401,2.4353650550426944044
9.0827342594800004605,-5.1614346266100001870,8.6962890049800005698,2.4353153888039784647
9.0827342594800004605,-5.1614346266100001870,8.6962890049800005698,2.4354352508184344828
9.0827342582400003579,-5.1614346292100004021,8.7956034703900005667,2.4352669997868012786
9.0827342582400003579,-5.1614346292100004021,8.7956034703900005667,2.4352717784008603985
9.0827342621600006822,-5.1614346274500002565,8.8962890507299992038,2.4351969929528709535
9.0827342621600006822,-5.1614346274500002565,8.8962890507299992038,2.4352644069446922614
9.0827342592099995500,-5.1614346300599995843,8.9956036170000004404,2.4352446605665289958
9.0827342592099995500,-5.1614346300599995843,8.9956036170000004404,2.4353536658305774409
9.0827342613299997254,-5.1614346269400002143,9.0962892437500002529,2.4355023576112810879
9.0827342613299997254,-5.1614346269400002143,9.0962892437500002529,2.4355077413668708708
9.0827342599800005019,-5.1614346294800004245,9.1956037759299995571,2.4354921488902325777
9.0827342599800005019,-5.1614346294800004245,9.1956037759299995571,2.4353938563346351209
9.0827342617200006458,-5.1614346275800002672,9.2962892864800004133,2.4352392386105203848
9.0827342617200006458,-5.1614346275800002672,9.2962892864800004133,2.4352064632917276299
9.0827342588699995218,-5.1614346290100003856,9.3956037182000002872,2.4353112028036809633
9.0827342588699995218,-5.1614346290100003856,9.3956037182000002872,2.4354444416071485691
9.0827342604600005416,-5.1614346268500002068,9.4962891466099996762,2.4356002491779040753
9.0827342604600005416,-5.1614346268500002068,9.4962891466099996762,2.4356284215572987506
9.0827342573499993961,-5.1614346292500004054,9.5956035272599997654,2.4355807700751341827
9.0827342573499993961,-5.1614346292500004054,9.5956035272599997654,2.4356899940700138529
9.0827342583899994821,-5.1614346273800002507,9.6962890065800007022,2.4356062911924762915
9.0827342583899994821,-5.1614346273800002507,9.6962890065800007022,2.4357115673497409247
9.0827342585299994937,-5.1614346288500003723,9.7956034721300007106,2.4355081817479504736
9.0827342585299994937,-5.1614346288500003723,9.7956034721300007106,2.4353267522425121605
9.0827342617600006491,-5.1614346254100000877,9.8962890516800001706,2.4351790360908354138
9.0827342617600006491,-5.1614346254100000877,9.8962890516800001706,2.4350656095048117677
9.0827342587800004026,-5.1614346284200003367,9.9956036164099995034,2.4351021004615778232
9.0827342587800004026,-5.1614346284200003367,9.9956036164099995034,2.4351143393120953107
9.0827342610000005863,-5.1614346258900001274,10.0962892410999991455,2.4353288613029322462
9.0827342610000005863,-5.1614346258900001274,10.0962892410999991455,2.4352861095124858082
9.0827342598600004919,-5.1614346287900003674,10.1956037749000003600,2.4353798890805906652
9.0827342598600004919,-5.1614346287900003674,10.1956037749000003600,2.4354041613272130462
9.0827342617400006475,-5.1614346267200001961,10.2962892857000003488,2.4355234349721559539
9.0827342617400006475,-5.1614346267200001961,10.2962892857000003488,2.4354963753892358014
9.0827342587800004026,-5.1614346295500004302,10.3956037185000003120,2.4354330427616805999
9.0827342587800004026,-5.1614346295500004302,10.3956037185000003120,2.4354157737687640584
9.0827342605600005498,-5.1614346269700002168,10.4962891464000005470,2.4353223186406633971
9.0827342605600005498,-5.1614346269700002168,10.4962891464000005470,2.4353149655992973877
9.0827342576600003099,-5.1614346296900004418,10.5956035282999998515,2.4353367179450602364
9.0827342576600003099,-5.1614346296900004418,10.5956035282999998515,2.4352993143042738211
9.0827342595600004671,-5.1614346280200003036,10.6962890072000007535,2.4353056395273506851
9.0827342595600004671,-5.1614346280200003036,10.6962890072000007535,2.4353507249263426360
9.0827342576099994176,-5.1614346302099995967,10.7956034739999999772,2.4354209669011432915
9.0827342576099994176,-5.1614346302099995967,10.7956034739999999772,2.4354495133990665678
9.0827342583299994772,-5.1614346293200004112,10.9956036177000004983,2.4353892101695624461
9.0827342583299994772,-5.1614346293200004112,10.9956036177000004983,2.4353557980455269316
9.0827342561699992984,-5.1614346309699996596,11.0904984165999991319,2.4354012001478402283
9.0827342561699992984,-5.1614346309699996596,11.0904984165999991319,2.4354090956794669509
9.0827342603800005350,-5.1614346272500002399,11.0962892458999995426,2.4354246376289259146
9.0827342603800005350,-5.1614346272500002399,11.0962892458999995426,2.4354262181484451766
9.0827342594200004555,-5.1614346298899995702,11.1956037851999994359,2.4354275896050512351
9.0827342594200004555,-5.1614346298899995702,11.1956037851999994359,2.4354604712759893026
9.0827342628800007418,-5.1614346280000003020,11.2962892894000006550,2.4354904130144761076
9.0827342628800007418,-5.1614346280000003020,11.2962892894000006550,2.4355095335276848445
9.0827342598899996062,-5.1614346304599996174,11.3956037151000000307,2.4355463735752702625
9.0827342598899996062,-5.1614346304599996174,11.3956037151000000307,2.4354276474848282064
9.0827342622699998032,-5.1614346273000002441,11.4962891432000002823,2.4352317348622287696
9.0827342622699998032,-5.1614346273000002441,11.4962891432000002823,2.4352169887244246027
9.0827342594600004588,-5.1614346297100004435,11.5956035257999996446,2.4350751404378123688
9.0827342594600004588,-5.1614346297100004435,11.5956035257999996446,2.4350372147921395261
9.0827342619699997783,-5.1614346277500002813,11.6962890056000006211,2.4352036751643093559
9.0827342619699997783,-5.1614346277500002813,11.6962890056000006211,2.4352013618507477588
9.0827342593200004472,-5.1614346306099996298,11.7956034708999997207,2.4353776183907638320
9.0827342593200004472,-5.1614346306099996298,11.7956034708999997207,2.4354365875540855413
9.0827342607899996807,-5.1614346270800002259,11.8962890503000000564,2.4354468839871077357
9.0827342607899996807,-5.1614346270800002259,11.8962890503000000564,2.4354941566957251098
9.0827342575699994143,-5.1614346293600004145,11.9956036156000003245,2.4353226680060315879
9.0827342575699994143,-5.1614346293600004145,11.9956036156000003245,2.4352885203847134399
9.0827342579699994474,-5.1614346291500003971,12.1956037743000003104,2.4352284190402970765
9.0827342579699994474,-5.1614346291500003971,12.1956037743000003104,2.4352276814623827761
9.0827342566200002238,-5.1614346311099996711,12.2904985404999997911,2.4352352242501345003
9.0827342566200002238,-5.1614346311099996711,12.2904985404999997911,2.4353674081334943935
9.0827342616499997519,-5.1614346269700002168,12.2962892848000002743,2.4354283155986817810
9.0827342616499997519,-5.1614346269700002168,12.2962892848000002743,2.4355116550630655503
9.0827342600899996228,-5.1614346294400004211,12.3956037187000003286,2.4355565142796438138
9.0827342600899996228,-5.1614346294400004211,12.3956037187000003286,2.4355741531946684120
9.0827342622400006888,-5.1614346275700002664,12.4962891473000006215,2.4354868045569704194
9.0827342622400006888,-5.1614346275700002664,12.4962891473000006215,2.4353874011693861235
9.0827342597200004803,-5.1614346300999995876,12.5956035288999999011,2.4354020612671014590
9.0827342597200004803,-5.1614346300999995876,12.5956035288999999011,2.4353505363672858230
9.0827342611600005995,-5.1614346280000003020,12.6962890081000008280,2.4353298806046597136
9.0827342611600005995,-5.1614346280000003020,12.6962890081000008280,2.4352466945313011593
9.0827342580299994523,-5.1614346305399996240,12.7956034734999999358,2.4352323235610793262
9.0827342580299994523,-5.1614346305399996240,12.7956034734999999358,2.4352068416983048138
9.0827342596099995831,-5.1614346282500003227,12.8962890526000002467,2.4351731116574937275
9.0827342596099995831,-5.1614346282500003227,12.8962890526000002467,2.4352420828051757340
9.0827342584099994838,-5.1614346301899995950,12.9956036168000004238,2.4352219451147334439
9.0827342584099994838,-5.1614346301899995950,12.9956036168000004238,2.4353087004271967153
9.0827342604699996542,-5.1614346284900003425,13.0962892455999995178,2.4353291709907303186
9.0827342604699996542,-5.1614346284900003425,13.0962892455999995178,2.4353202034503285134
9.0827342589299995268,-5.1614346301199995892,13.1956037858999994938,2.4353655592615015557
9.0827342589299995268,-5.1614346301199995892,13.1956037858999994938,2.4353599143836874852
9.0827342605299996592,-5.1614346270900002267,13.2962892903000007294,2.4354011005050928418
9.0827342605299996592,-5.1614346270900002267,13.2962892903000007294,2.4355596979216973530
9.0827342592899995566,-5.1614346285600003483,13.3956037150000000224,2.4355285590773338988
9.0827342592899995566,-5.1614346285600003483,13.3956037150000000224,2.4354757429367590582
9.0827342615800006342,-5.1614346267800002011,13.4962891429000002574,2.4354315887566961862
9.0827342615800006342,-5.1614346267800002011,13.4962891429000002574,2.4353678442307566954
9.0827342585600003844,-5.1614346288600003732,13.5956035242999995205,2.4352427846060367145
9.0827342585600003844,-5.1614346288600003732,13.5956035242999995205,2.4352006719845986638
9.0827342607099996741,-5.1614346272000002358,13.6962890039000004805,2.4352235109331212826
9.0827342607099996741,-5.1614346272000002358,13.6962890039000004805,2.4350884088337947375
9.0827342594600004588,-5.1614346284300003376,13.7956034704999996876,2.4351817889619420399
9.0827342594600004588,-5.1614346284300003376,13.7956034704999996876,2.4352935094568075591
9.0827342615099997403,-5.1614346252800000769,13.8962890522000002136,2.4353636179509381421
9.0827342615099997403,-5.1614346252800000769,13.8962890522000002136,2.4354683928159421846
9.0827342588200004059,-5.1614346274300002548,13.9956036178000005066,2.4355455545776196757
9.0827342588200004059,-5.1614346274300002548,13.9956036178000005066,2.4354899856046743345
9.0846376340100007951,-5.1587590681300001805,14.0951333566999998936,2.4353455580654492785
9.0846376340100007951,-5.1587590681300001805,14.0951333566999998936,2.4354412500518107798
9.0876642257599993258,-5.1565976480999999865,14.1923903263999999780,2.4354782412408924053
9.0876642257599993258,-5.1565976480999999865,14.1923903263999999780,2.4356584448380598218
9.0957568713000007676,-5.1533543600999998091,14.2914399777999996388,2.4365843402475739765
9.0957568713000007676,-5.1533543600999998091,14.2914399777999996388,2.4383766363171988090
9.1070487432600000233,-5.1488403260100001901,14.3893692588000003951,2.4408714131182533968
9.1070487432600000233,-5.1488403260100001901,14.3893692588000003951,2.4434709034241750558
9.1190767856899999089,-5.1425126088299997207,14.4905910053000006599,2.4454356972157382799
9.1190767856899999089,-5.1425126088299997207,14.4905910053000006599,2.4462251561036008063
9.1323453103900007477,-5.1288472981000001738,14.5911394459999996798,2.4462381212147130682
9.1323453103900007477,-5.1288472981000001738,14.5911394459999996798,2.4458565681137200976
9.1297557602200001270,-5.1114744362999999794,14.6953373551999995072,2.4460766195365906128
9.1297557602200001270,-5.1114744362999999794,14.6953373551999995072,2.4474295593885191380
9.1237672324699996551,-5.0913457869399998401,14.7989135207999993327,2.4504177905487303235
9.1237672324699996551,-5.0913457869399998401,14.7989135207999993327,2.4546312383852426642
9.1155286548699994142,-5.0780324453299998666,14.9035272783000003471,2.4560409662006614795
9.1155286548699994142,-5.0780324453299998666,14.9035272783000003471,2.4541393763074870193
9.1068481161000001123,-5.0978495758299997576,15.0000000000000000000,2.4501253119375712153
9.1068481161000001123,-5.0978495758299997576,15.0000000000000000000,2.4414911387719455682
9.0602573243299993067,-5.3344050781299996444,15.0000000000000000000,2.4314756132758224005
9.0602573243299993067,-5.3344050781299996444,15.0000000000000000000,2.4183915909853328507
8.9753478758200007093,-5.7753558404199996090,15.0000000000000000000,2.4064038762598012333
8.9753478758200007093,-5.7753558404199996090,15.0000000000000000000,2.3931589132792288055
8.8518907277699998559,-6.3726137314000004253,15.0000000000000000000,2.3797137058062682868
8.8518907277699998559,-6.3726137314000004253,15.0000000000000000000,2.3638447227185563904
8.7139153101099999787,-6.9726137314000000700,15.0000000000000000000,2.3352994489797396227
8.7139153101099999787,-6.9726137314000000700,15.0000000000000000000,2.3018242669962378777
8.6391161774200000423,-7.5098548273199998704,15.0000000000000000000,2.2627238521053185671
8.6391161774200000423,-7.5098548273199998704,15.0000000000000000000,2.2227628677338624463
8.6384390754500000043,-7.8466354107300002596,15.0000000000000000000,2.1870861375759380607
8.6384390754500000043,-7.8466354107300002596,15.0000000000000000000,2.1629271945238204289
8.6893771231700007718,-7.9806526646700000072,15.0000000000000000000,2.1448697847393467519
8.6893771231700007718,-7.9806526646700000072,15.0000000000000000000,2.1431851488035382758
8.7724689045699992818,-7.9706248582899998922,15.0000000000000000000,2.1523351570669397859
8.7724689045699992818,-7.9706248582899998922,15.0000000000000000000,2.1694181998578927484
8.8775587154500001930,-7.8746424749699999168,15.0000000000000000000,2.1898134149494135059
8.8775587154500001930,-7.8746424749699999168,15.0000000000000000000,2.2098049254467220237
8.9902735114900007574,-7.7425961317200000522,15.0000000000000000000,2.2276198128867807924
8.9902735114900007574,-7.7425961317200000522,15.0000000000000000000,2.2390100096693510423
9.0953330123599993584,-7.5996278916899999700,15.0000000000000000000,2.2472124396387611611
9.0953330123599993584,-7.5996278916899999700,15.0000000000000000000,2.2546183512975135343
9.1923902142799995829,-7.4619713917199996800,15.0000000000000000000,2.2607249967990581396
9.1923902142799995829,-7.4619713917199996800,15.0000000000000000000,2.2663104744552846626
9.2907836026500003612,-7.3295564749100003965,15.0000000000000000000,2.2750388756111532551
9.2907836026500003612,-7.3295564749100003965,15.0000000000000000000,2.2823769828797306758
9.3884714279499998923,-7.2050725436100000465,15.0000000000000000000,2.2876898891716854756
9.3884714279499998923,-7.2050725436100000465,15.0000000000000000000,2.2906442155524038284
9.4773484638099994015,-7.0836356849199999530,15.0000000000000000000,2.2927683295634513350
9.4773484638099994015,-7.0836356849199999530,15.0000000000000000000,2.2952426536104963972
9.5605525154900004026,-6.9658262432600004388,15.0000000000000000000,2.3003365171923180199
9.5605525154900004026,-6.9658262432600004388,15.0000000000000000000,2.3087206354589340229
9.6481045111300005601,-6.8455904739599997555,15.0000000000000000000,2.3163845182290891955
9.6481045111300005601,-6.8455904739599997555,15.0000000000000000000,2.3232857552888837027
9.7373920282800003889,-6.7257382414500002099,15.0000000000000000000,2.3292107876016023837
9.7373920282800003889,-6.7257382414500002099,15.0000000000000000000,2.3347143810904027461
9.8192966733099993348,-6.6038834420199998831,15.0000000000000000000,2.3402716671056529307
9.8192966733099993348,-6.6038834420199998831,15.0000000000000000000,2.3452157066165515431
9.8964041580599992898,-6.4827529604900000493,15.0000000000000000000,2.3509400740160013576
9.8964041580599992898,-6.4827529604900000493,15.0000000000000000000,2.3584458689635736661
9.9780675974899999403,-6.3575500555099999644,15.0000000000000000000,2.3662911068288972061
9.9780675974899999403,-6.3575500555099999644,15.0000000000000000000,2.3713629515732095321
10.0614669532000000629,-6.2323165212899995780,15.0000000000000000000,2.3758226480993545060
10.0614669532000000629,-6.2323165212899995780,15.0000000000000000000,2.3809567299235361304
10.1372788400000004572,-6.1056345486000003220,15.0000000000000000000,2.3861851401122979865
10.1372788400000004572,-6.1056345486000003220,15.0000000000000000000,2.3934842574309254104
10.2082352782000000957,-5.9802393814299996677,15.0000000000000000000,2.4013238602482918083
10.2082352782000000957,-5.9802393814299996677,15.0000000000000000000,2.4093749253883487427
10.2834909443000004359,-5.8508313858800002905,15.0000000000000000000,2.4167265225785148353
10.2834909443000004359,-5.8508313858800002905,15.0000000000000000000,2.4231473980157014481
10.3604584287999994530,-5.7214971349499998965,15.0000000000000000000,2.4286261067480805487
10.3604584287999994530,-5.7214971349499998965,15.0000000000000000000,2.4335866912329620071
10.4297975535000002623,-5.5911892322599996419,15.0000000000000000000,2.4387175073474738340
10.4297975535000002623,-5.5911892322599996419,15.0000000000000000000,2.4440173654891301780
10.4943844382999991183,-5.4624395442000004408,15.0000000000000000000,2.4505021438591634286
10.4943844382999991183,-5.4624395442000004408,15.0000000000000000000,2.4578392266916089248
10.5630926690999995543,-5.3294656230499999339,15.0000000000000000000,2.4649425018200159521
10.5630926690999995543,-5.3294656230499999339,15.0000000000000000000,2.4713648696481516076
10.6335313413999994481,-5.1964665034699999424,15.0000000000000000000,2.4770866025705373659
10.6335313413999994481,-5.1964665034699999424,15.0000000000000000000,2.4825582315113026155
10.6962932517000002264,-5.0628687392399998046,15.0000000000000000000,2.4879794778296160374
10.6962932517000002264,-5.0628687392399998046,15.0000000000000000000,2.4936808893915336505
10.7543676820999998256,-4.9310624986000002323,15.0000000000000000000,2.5007779743112035220
10.7543676820999998256,-4.9310624986000002323,15.0000000000000000000,2.5085515983417407959
10.8163247055999995894,-4.7948333710100001781,15.0000000000000000000,2.5158934190017534505
10.8163247055999995894,-4.7948333710100001781,15.0000000000000000000,2.5225535406655050785
10.8799977473999991417,-4.6584928492399999556,15.0000000000000000000,2.5282485589737717646
10.8799977473999991417,-4.6584928492399999556,15.0000000000000000000,2.5334954725383673768
10.9359677368000003383,-4.5219394582500003210,15.0000000000000000000,2.5386879807131195186
10.9359677368000003383,-4.5219394582500003210,15.0000000000000000000,2.5439533101652154201
10.9873455990999993048,-4.3874100177699997261,15.0000000000000000000,2.5505716664837367880
10.9873455990999993048,-4.3874100177699997261,15.0000000000000000000,2.5578767948847542790
11.0423936236000006517,-4.2482629852900002376,15.0000000000000000000,2.5649996380007991092
11.0423936236000006517,-4.2482629852900002376,15.0000000000000000000,2.5707623566968664797
11.0991580975000001530,-4.1089157148700001798,15.0000000000000000000,2.5773090597502705812
11.0991580975000001530,-4.1089157148700001798,15.0000000000000000000,2.5825820712239324628
11.1482394666999997668,-3.9697302136000001127,15.0000000000000000000,2.5880383583957180527
11.1482394666999997668,-3.9697302136000001127,15.0000000000000000000,2.5931657555455132069
11.1928558560999995564,-3.8327849746900000127,15.0000000000000000000,2.6002915874656187256
11.1928558560999995564,-3.8327849746900000127,15.0000000000000000000,2.6090859193151616502
11.2409184454000001807,-3.6910393653099999867,15.0000000000000000000,2.6166415184134961258
11.2409184454000001807,-3.6910393653099999867,15.0000000000000000000,2.6225063098651957283
11.2906908077000007751,-3.5490057747099998942,15.0000000000000000000,2.6282173488605158340
11.2906908077000007751,-3.5490057747099998942,15.0000000000000000000,2.6334504300613605920
11.3327819550999997489,-3.4075277754800001873,15.0000000000000000000,2.6383061740667703710
11.3327819550999997489,-3.4075277754800001873,15.0000000000000000000,2.6447486340935668636
11.3705059084000001945,-3.2685220832600001550,15.0000000000000000000,2.6515958403221837614
11.3705059084000001945,-3.2685220832600001550,15.0000000000000000000,2.6591953143934898840
11.4114101222999995144,-3.1245616030400000795,15.0000000000000000000,2.6657637977572452570
11.4114101222999995144,-3.1245616030400000795,15.0000000000000000000,2.6730513433758700259
11.4539950144000002297,-2.9802344188499998445,15.0000000000000000000,2.6786029211400883554
11.4539950144000002297,-2.9802344188499998445,15.0000000000000000000,2.6833913110062233010
11.4889321844999994227,-2.8368478165500001786,15.0000000000000000000,2.6883362378202613208
11.4889321844999994227,-2.8368478165500001786,15.0000000000000000000,2.6938035749845483657
11.5196333520999996125,-2.6961474496900001974,15.0000000000000000000,2.7005013488792140031
11.5196333520999996125,-2.6961474496900001974,15.0000000000000000000,2.7076909831231326109
11.5532745137999999230,-2.5503322822899998634,15.0000000000000000000,2.7155177141878326097
11.5532745137999999230,-2.5503322822899998634,15.0000000000000000000,2.7222580261150857162
11.5885835682000006841,-2.4040622596199998640,15.0000000000000000000,2.7274620692197117933
11.5885835682000006841,-2.4040622596199998640,15.0000000000000000000,2.7335406522200709212
11.6163198481999998535,-2.2591005493299998186,15.0000000000000000000,2.7389557084057143399
11.6163198481999998535,-2.2591005493299998186,15.0000000000000000000,2.7442897932400014405
11.6399739642999993094,-2.1170228123400001152,15.0000000000000000000,2.7506975946016756218
11.6399739642999993094,-2.1170228123400001152,15.0000000000000000000,2.7576012782474021989
11.6663126526000002769,-1.9696877159199999152,15.0000000000000000000,2.7646639257854905836
11.6663126526000002769,-1.9696877159199999152,15.0000000000000000000,2.7709658133361085852
11.7312838639999998946,-1.5325631417200000772,15.0000000000000000000,2.7957863558615767552
11.7312838639999998946,-1.5325631417200000772,15.0000000000000000000,2.8037052437460712184
11.7502089394000002187,-1.3841107489199999669,15.0000000000000000000,2.8111176132770210323
11.7502089394000002187,-1.3841107489199999669,15.0000000000000000000,2.8183649341566585633
11.7707418226999998012,-1.2350441714400000048,15.0000000000000000000,2.8244940603583863492
11.7707418226999998012,-1.2350441714400000048,15.0000000000000000000,2.8295744646208405015
11.7838546107000006202,-1.0880496287800001110,15.0000000000000000000,2.8348621698075242570
11.7838546107000006202,-1.0880496287800001110,15.0000000000000000000,2.8397897687500384123
11.7931804588000002099,-0.9443444092880000085,15.0000000000000000000,2.8450145949479366259
11.7931804588000002099,-0.9443444092880000085,15.0000000000000000000,2.8517291828338149351
11.8046486872000002677,-0.7951427597389999491,15.0000000000000000000,2.8588273294792303503
11.8046486872000002677,-0.7951427597389999491,15.0000000000000000000,2.8655455409552272883
11.8176985349999998931,-0.6452417768920000185,15.0000000000000000000,2.8717923570347969608
11.8176985349999998931,-0.6452417768920000185,15.0000000000000000000,2.8776559689115912555
11.8234582936999998992,-0.4977640620289999762,15.0000000000000000000,2.8835655845001859632
11.8234582936999998992,-0.4977640620289999762,15.0000000000000000000,2.8898373761698024076
11.8256152383999992850,-0.3537454928700000112,15.0000000000000000000,2.8962049236961311394
11.8256152383999992850,-0.3537454928700000112,15.0000000000000000000,2.9035697843622356729
11.8296433413000006141,-0.2041251532520000078,15.0000000000000000000,2.9113677493436140864
11.8296433413000006141,-0.2041251532520000078,15.0000000000000000000,2.9185445722567648907
11.8352169158000002369,-0.0537272458236999970,15.0000000000000000000,2.9245203506496073587
11.8352169158000002369,-0.0537272458236999970,15.0000000000000000000,2.9297795323510262833
11.8336160508999999053,0.0938698383739999948,15.0000000000000000000,2.9346771780597458168
11.8336160508999999053,0.0938698383739999948,15.0000000000000000000,2.9397760652586675256
11.8285740576999991447,0.2378151537179999941,15.0000000000000000000,2.9450771679298499706
11.8285740576999991447,0.2378151537179999941,15.0000000000000000000,2.9514562706132401182
11.8251058305000000814,0.3874333376549999874,15.0000000000000000000,2.9582574286329856861
11.8251058305000000814,0.3874333376549999874,15.0000000000000000000,2.9651378765777214319
11.8231359565999998296,0.5378996181190000003,15.0000000000000000000,2.9716682892908217184
11.8231359565999998296,0.5378996181190000003,15.0000000000000000000,2.9781008800527279945
11.8141373304999994787,0.6852060048800000525,15.0000000000000000000,2.9838971247642440687
11.8141373304999994787,0.6852060048800000525,15.0000000000000000000,2.9907369707887698773
11.8018845007999999552,0.8286923890899999812,15.0000000000000000000,2.9968343692708541148
11.8018845007999999552,0.8286923890899999812,15.0000000000000000000,3.0037726645217492916
11.7909283824000006291,0.9779339275739999948,15.0000000000000000000,3.0106317390952197499
11.7909283824000006291,0.9779339275739999948,15.0000000000000000000,3.0165676805130741123
11.7814309089999991187,1.1281027940399999121,15.0000000000000000000,3.0226885223258426194
11.7814309089999991187,1.1281027940399999121,15.0000000000000000000,3.0277298641144203550
11.7650865765999999013,1.2747850042899999679,15.0000000000000000000,3.0327678381155891429
11.7650865765999999013,1.2747850042899999679,15.0000000000000000000,3.0382637560393557230
11.7456969668000006379,1.4175087791000000603,15.0000000000000000000,3.0441992145304315187
11.7456969668000006379,1.4175087791000000603,15.0000000000000000000,3.0512548132677528301
11.7273210987999991772,1.5660524633399999228,15.0000000000000000000,3.0587136749060248597
11.7273210987999991772,1.5660524633399999228,15.0000000000000000000,3.0662091902017416523
11.7103575251999991735,1.7155964992699999083,15.0000000000000000000,3.0729692332653284481
11.7103575251999991735,1.7155964992699999083,15.0000000000000000000,3.0790757227003475727
11.6867174971000000738,1.8612969694699998957,15.0000000000000000000,3.0850274125907102274
11.6867174971000000738,1.8612969694699998957,15.0000000000000000000,3.0907921123783870243
11.6602191222999991282,2.0028698827200002164,15.0000000000000000000,3.0961424956825425170
11.6602191222999991282,2.0028698827200002164,15.0000000000000000000,3.1025816581627960744
11.6344274442999999764,2.1502851072600002169,15.0000000000000000000,3.1096551704917430037
11.6344274442999999764,2.1502851072600002169,15.0000000000000000000,3.1167732707303348327
11.6099893314999995653,2.2987611453799998706,15.0000000000000000000,3.1231541959871873537
11.6099893314999995653,2.2987611453799998706,15.0000000000000000000,3.1289260832154952574
11.5790747662999997658,2.4430647365999997866,15.0000000000000000000,3.1344917119598556532
11.5790747662999997658,2.4430647365999997866,15.0000000000000000000,3.1400387200906090257
11.5455149423000005271,2.5831075382300001664,15.0000000000000000000,-3.1372454482795126829
11.5455149423000005271,2.5831075382300001664,15.0000000000000000000,-3.1308040447616551916
11.5123768587999997237,2.7290332285500000786,15.0000000000000000000,-3.1239590064150828397
11.5123768587999997237,2.7290332285500000786,15.0000000000000000000,-3.1172443517318018102
11.4805421252999995119,2.8760925196399997894,15.0000000000000000000,-3.1111303638660627868
11.4805421252999995119,2.8760925196399997894,15.0000000000000000000,-3.1051312594610136486
11.4424584619999993862,3.0186811432899998131,15.0000000000000000000,-3.0993682127821866601
11.4424584619999993862,3.0186811432899998131,15.0000000000000000000,-3.0935598460166682244
11.4019546382999994449,3.1568994291800001051,15.0000000000000000000,-3.0875015985765119630
11.4019546382999994449,3.1568994291800001051,15.0000000000000000000,-3.0807758026231710780
11.3615824924000001772,3.3010217433100002005,15.0000000000000000000,-3.0738489585322490427
11.3615824924000001772,3.3010217433100002005,15.0000000000000000000,-3.0672240210950785233
11.3224574857999993327,3.4463446851900001455,15.0000000000000000000,-3.0609307218655761318
11.3224574857999993327,3.4463446851900001455,15.0000000000000000000,-3.0547815571548326830
11.2773070200000002927,3.5868731654200001202,15.0000000000000000000,-3.0493494725481125052
11.2773070200000002927,3.5868731654200001202,15.0000000000000000000,-3.0429162989371265624
11.2299492904000004501,3.7228978290999998890,15.0000000000000000000,-3.0366765380502096505
11.2299492904000004501,3.7228978290999998890,15.0000000000000000000,-3.0299732065088460509
11.1824194338999998166,3.8648089498400000075,15.0000000000000000000,-3.0216228989340740974
11.1824194338999998166,3.8648089498400000075,15.0000000000000000000,-3.0143284166827100101
11.1360705456000008695,4.0079733007299997993,15.0000000000000000000,-3.0080014285467790991
11.1360705456000008695,4.0079733007299997993,15.0000000000000000000,-3.0022895800225732899
11.0839411769999998114,4.1460432926199999315,15.0000000000000000000,-2.9967429547771899934
11.0839411769999998114,4.1460432926199999315,15.0000000000000000000,-2.9912658336750723720
11.0298319208999995311,4.2795025367099999158,15.0000000000000000000,-2.9854829850340141029
11.0298319208999995311,4.2795025367099999158,15.0000000000000000000,-2.9794542453616505995
10.9752601338000008724,4.4188410728000002692,15.0000000000000000000,-2.9728054392447456067
10.9752601338000008724,4.4188410728000002692,15.0000000000000000000,-2.9665103212073331562
10.9218074301999994447,4.5594952750599997415,15.0000000000000000000,-2.9607355787204201469
10.9218074301999994447,4.5594952750599997415,15.0000000000000000000,-2.9550061240598735068
10.8628433940000004299,4.6947936479000000887,15.0000000000000000000,-2.9494422740299737207
10.8628433940000004299,4.6947936479000000887,15.0000000000000000000,-2.9437249633372344348
10.8021389466999995221,4.8254075948599997048,15.0000000000000000000,-2.9383256104034365386
10.8021389466999995221,4.8254075948599997048,15.0000000000000000000,-2.9308795156384856995
10.7406822581999996657,4.9618783568499997827,15.0000000000000000000,-2.9234717411312800550
10.7406822581999996657,4.9618783568499997827,15.0000000000000000000,-2.9162401578603844854
10.6802787216000005799,5.0997208545900001297,15.0000000000000000000,-2.9099055244308864587
10.6802787216000005799,5.0997208545900001297,15.0000000000000000000,-2.9039898742877570115
10.6146332939000007656,5.2319210259700001941,15.0000000000000000000,-2.8981801592049856175
10.6146332939000007656,5.2319210259700001941,15.0000000000000000000,-2.8922697431453685546
10.5474778519000000898,5.3593363371200002376,15.0000000000000000000,-2.8863573820363273015
10.5474778519000000898,5.3593363371200002376,15.0000000000000000000,-2.8800110112420300723
10.4792723854999998423,5.4925455266199998405,15.0000000000000000000,-2.8734064761152691148
10.4792723854999998423,5.4925455266199998405,15.0000000000000000000,-2.8670521001246762616
10.4120476044999996645,5.6271711971600000268,15.0000000000000000000,-2.8610067807165768805
10.4120476044999996645,5.6271711971600000268,15.0000000000000000000,-2.8550941884226967993
10.3398689435000008530,5.7558961240500003953,15.0000000000000000000,-2.8490389541327147960
10.3398689435000008530,5.7558961240500003953,15.0000000000000000000,-2.8428043876351445363
10.2664223052000007641,5.8797681047500001128,15.0000000000000000000,-2.8366424894702295667
10.2664223052000007641,5.8797681047500001128,15.0000000000000000000,-2.8298637443232923516
10.1916402087000008692,6.0093872046300003120,15.0000000000000000000,-2.8229864084470510655
10.1916402087000008692,6.0093872046300003120,15.0000000000000000000,-2.8165675004327530573
10.1177682094999994433,6.1404755699100004307,15.0000000000000000000,-2.8107256798872573000
10.1177682094999994433,6.1404755699100004307,15.0000000000000000000,-2.8052079456783305389
10.0392469091999991804,6.2654428113999998118,15.0000000000000000000,-2.7996567985495781627
10.0392469091999991804,6.2654428113999998118,15.0000000000000000000,-2.7931431471839558434
9.9597046232200003857,6.3855171159499999334,15.0000000000000000000,-2.7867772263216945561
9.9597046232200003857,6.3855171159499999334,15.0000000000000000000,-2.7793986689520666644
9.8830063775700001116,6.5034054653300001902,15.0000000000000000000,-2.7716354183140361478
9.8830063775700001116,6.5034054653300001902,15.0000000000000000000,-2.7648193829679259537
9.8122580376300003735,6.6226707350699998145,15.0000000000000000000,-2.7589962318241507688
9.8122580376300003735,6.6226707350699998145,15.0000000000000000000,-2.7542099176233914015
9.7478342025300008800,6.7469679087200002954,15.0000000000000000000,-2.7494025668522836803
9.7478342025300008800,6.7469679087200002954,15.0000000000000000000,-2.7449087062946313509
9.6865582169799999690,6.8780275311299998720,15.0000000000000000000,-2.7380952216636837981
9.6865582169799999690,6.8780275311299998720,15.0000000000000000000,-2.7307970930471134885
9.6231133421100008007,7.0159033031299999905,15.0000000000000000000,-2.7224796954103323010
9.6231133421100008007,7.0159033031299999905,15.0000000000000000000,-2.7138958999715527831
9.5510086379299998782,7.1580265407999998928,15.0000000000000000000,-2.7048537101519976034
9.5510086379299998782,7.1580265407999998928,15.0000000000000000000,-2.6959080046486509907
9.4654790295699999803,7.2999281088599996536,15.0000000000000000000,-2.6884969272102874349
9.4654790295699999803,7.2999281088599996536,15.0000000000000000000,-2.6836261077137359976
9.3658101502500006319,7.4344701579699998817,15.0000000000000000000,-2.6805460777607859058
9.3658101502500006319,7.4344701579699998817,15.0000000000000000000,-2.6785167560284803834
9.2591560195600006722,7.5479365070000001836,15.0000000000000000000,-2.6762095154570890720
9.2591560195600006722,7.5479365070000001836,15.0000000000000000000,-2.6735985223261322652
9.1433326086900006402,7.6388639388200001434,15.0000000000000000000,-2.6701110012734750043
